Workbook

Sheet 기준
A1: 플레이어 기준값
A2: PlayerStatsDefinition 의 기본값에서 가져온 것. 여기를 고치면 몬스터 시트의 검증 열이 따라 바뀐다.
A4: 항목 | B4: 값 | C4: 출처
A5: Lv1 최대 HP | B5: 100 | C5: Vitality 20 × HpPerVitality 5
A6: 걷기 속도 | B6: 2.5 | C6: PlayerStatsDefinition.walkSpeed
A7: 달리기 속도 | B7: 4 | C7: walkSpeed × runSpeedMultiplier 1.6
A8: Lv1→2 필요 경험치 | B8: 25 | C8: 25 × 1^1.6
A9: Lv2→3 필요 경험치 | B9: 76 | C9: 25 × 2^1.6
A10: Lv3→4 필요 경험치 | B10: 145 | C10: 25 × 3^1.6

Sheet 몬스터 정의
A1: MonsterDefinition 임시값
A2: 파란 글씨 = 직접 입력하는 값 · 회색 칸 = 수식(고치지 말 것) · 노란 칸 = 밸런싱 핵심
A3: 데미지 공식이 아직 없어 몬스터 Attack 이 곧 플레이어 HP 감소량이다 (Defense 미적용).
A5: 몬스터 ID | B5: 표시명 | C5: 테마 | D5: 층 | E5: Tier | F5: VIT | G5: ATK | H5: DEF | I5: AGI | J5: FOC | K5: HP/VIT | L5: 최대 HP | M5: 이동속도 | N5: 감지범위 | O5: 공격범위 | P5: 공격쿨 | Q5: 넉백 | R5: 경직 | S5: 경험치 | T5: 사망 타격수 | U5: 사망까지 초 | V5: Lv2까지 처치 | W5: 비고
A6: goblin_hob | B6: Hobgoblin | C6: Goblin | D6: 1F | E6: Normal | F6: 10 | G6: 10 | H6: 8 | I6: 6 | J6: 0 | K6: 10 | L6: =F6*K6 -> 100 | M6: 2 | N6: 5 | O6: 1.2 | P6: 1.4 | Q6: 3 | R6: 0.1 | S6: 15 | T6: =IFERROR(ROUNDUP(기준!$B$5/G6,0),"") -> 10 | U6: =IFERROR(ROUND(T6*P6,1),"") -> 14 | V6: =IFERROR(ROUNDUP(기준!$B$8/S6,0),"") -> 2 | W6: 가장 약하다. 25대 맞아야 죽는다
A7: goblin_shaman | B7: Goblin Shaman | C7: Goblin | D7: 2F | E7: Elite | F7: 15 | G7: 20 | H7: 5 | I7: 6 | J7: 0 | K7: 8 | L7: =F7*K7 -> 120 | M7: 1.5 | N7: 15 | O7: 3 | P7: 1.2 | Q7: 3 | R7: 0.18 | S7: 35 | T7: =IFERROR(ROUNDUP(기준!$B$5/G7,0),"") -> 5 | U7: =IFERROR(ROUND(T7*P7,1),"") -> 6 | V7: =IFERROR(ROUNDUP(기준!$B$8/S7,0),"") -> 1 | W7: 파밍 기준선
A8: goblin_rider | B8: Goblin Rider | C8: Goblin | D8: 2F | E8: Elite | F8: 15 | G8: 15 | H8: 10 | I8: 6 | J8: 0 | K8: 12 | L8: =F8*K8 -> 180 | M8: 2.5 | N8: 10 | O8: 1.5 | P8: 1.2 | Q8: 5 | R8: 0.1 | S8: 35 | T8: =IFERROR(ROUNDUP(기준!$B$5/G8,0),"") -> 7 | U8: =IFERROR(ROUND(T8*P8,1),"") -> 8.4 | V8: =IFERROR(ROUNDUP(기준!$B$8/S8,0),"") -> 1 | W8: 파밍 기준선
A9: goblin_king | B9: Goblin King | C9: Goblin | D9: 3F | E9: Boss | F9: 80 | G9: 25 | H9: 15 | I9: 6 | J9: 0 | K9: 15 | L9: =F9*K9 -> 1200 | M9: 1.8 | N9: 20 | O9: 2.5 | P9: 1.6 | Q9: 10 | R9: 0.2 | S9: 200 | T9: =IFERROR(ROUNDUP(기준!$B$5/G9,0),"") -> 4 | U9: =IFERROR(ROUND(T9*P9,1),"") -> 6.4 | V9: =IFERROR(ROUNDUP(기준!$B$8/S9,0),"") -> 1 | W9: 감지 20 = 아레나 전체
A10: orc_brute | B10: Orc Brute | C10: Orc | D10: 1F | E10: Normal | F10: 20 | G10: 15 | H10: 10 | I10: 4 | J10: 0 | K10: 12 | L10: =F10*K10 -> 240 | M10: 1.5 | N10: 6 | O10: 1.8 | P10: 1.8 | Q10: 6 | R10: 0.15 | S10: 30 | T10: =IFERROR(ROUNDUP(기준!$B$5/G10,0),"") -> 7 | U10: =IFERROR(ROUND(T10*P10,1),"") -> 12.6 | V10: =IFERROR(ROUNDUP(기준!$B$8/S10,0),"") -> 1 | W10: 느리고 쿨이 길다. 한 방이 무겁다
A11: orc_warrior | B11: Orc Warrior | C11: Orc | D11: 2F | E11: Elite | F11: 35 | G11: 30 | H11: 15 | I11: 4 | J11: 0 | K11: 15 | L11: =F11*K11 -> 525 | M11: 1.8 | N11: 8 | O11: 2.5 | P11: 1.8 | Q11: 7 | R11: 0.18 | S11: 60 | T11: =IFERROR(ROUNDUP(기준!$B$5/G11,0),"") -> 4 | U11: =IFERROR(ROUND(T11*P11,1),"") -> 7.2 | V11: =IFERROR(ROUNDUP(기준!$B$8/S11,0),"") -> 1 | W11: 수가 적은 대신 강하다
A12: orc_warlord | B12: Orc Warlord | C12: Orc | D12: 3F | E12: Boss | F12: 180 | G12: 50 | H12: 30 | I12: 4 | J12: 0 | K12: 20 | L12: =F12*K12 -> 3600 | M12: 2 | N12: 22 | O12: 6 | P12: 2.2 | Q12: 12 | R12: 0.25 | S12: 500 | T12: =IFERROR(ROUNDUP(기준!$B$5/G12,0),"") -> 2 | U12: =IFERROR(ROUND(T12*P12,1),"") -> 4.4 | V12: =IFERROR(ROUNDUP(기준!$B$8/S12,0),"") -> 1 | W12: 최대 물리 화력
A13: vampire_bat | B13: Vampire Bat | C13: Vampire | D13: 1F | E13: Normal | F13: 10 | G13: 10 | H13: 8 | I13: 12 | J13: 2 | K13: 10 | L13: =F13*K13 -> 100 | M13: 3 | N13: 6 | O13: 2 | P13: 2.5 | Q13: 3 | R13: 0.1 | S13: 20 | T13: =IFERROR(ROUNDUP(기준!$B$5/G13,0),"") -> 10 | U13: =IFERROR(ROUND(T13*P13,1),"") -> 25 | V13: =IFERROR(ROUNDUP(기준!$B$8/S13,0),"") -> 2 | W13: 걷기(2.5)보다 빠르다. 걸어선 못 도망친다
A14: vampire_noble | B14: Vampire Noble | C14: Vampire | D14: 2F | E14: Elite | F14: 15 | G14: 15 | H14: 15 | I14: 8 | J14: 8 | K14: 18 | L14: =F14*K14 -> 270 | M14: 2 | N14: 10 | O14: 8 | P14: 2.5 | Q14: 4 | R14: 0.15 | S14: 70 | T14: =IFERROR(ROUNDUP(기준!$B$5/G14,0),"") -> 7 | U14: =IFERROR(ROUND(T14*P14,1),"") -> 17.5 | V14: =IFERROR(ROUNDUP(기준!$B$8/S14,0),"") -> 1 | W14: 공격범위 3.5 = 원거리
A15: vampire_lord | B15: Vampire Lord | C15: Vampire | D15: 3F | E15: Boss | F15: 100 | G15: 25 | H15: 20 | I15: 10 | J15: 20 | K15: 20 | L15: =F15*K15 -> 2000 | M15: 1.5 | N15: 25 | O15: 10 | P15: 2.5 | Q15: 5 | R15: 0.25 | S15: 500 | T15: =IFERROR(ROUNDUP(기준!$B$5/G15,0),"") -> 4 | U15: =IFERROR(ROUND(T15*P15,1),"") -> 10 | V15: =IFERROR(ROUNDUP(기준!$B$8/S15,0),"") -> 1 | W15: 거의 안 걷는다. 순간이동으로 붙는다
A16: 검증 열 읽는 법
A17: 사망 타격수 = 플레이어 Lv1 HP ÷ 몬스터 ATK. 몇 대 맞으면 죽는가
A18: 사망까지 초 = 사망 타격수 × 공격쿨. 계속 붙어 있을 때의 생존 시간
A19: Lv2까지 처치 = Lv1→2 필요 경험치 ÷ 몬스터 경험치
A21: 몬스터 HP(최대 HP)는 아직 근거가 약하다. 플레이어 공격이 없어 처치 시간을 계산할 수 없다.
A22: 스킬 판정이 붙은 뒤 실제 DPS 로 다시 잡아야 한다. 나머지 값은 지금도 검증 가능하다.
